Record key,Title,Year,DOI,Source title,S1b,S1u,S2b,S2u,S3b,S3u,Interpretation
doi:10.1021/acs.est.0c05081,A New Estimate of Building Floor Space in North America,2021,10.1021/acs.est.0c05081,Environmental Science and Technology,1,0,1,0,0,0,Candidate cross-stage record only; full-text validation required
doi:10.3390/buildings11090388,Mining the built environment: Telling the story of urban mining,2021,10.3390/buildings11090388,Buildings,1,0,1,0,0,0,Candidate cross-stage record only; full-text validation required
doi:10.1016/j.jenvman.2020.111879,Modelling of mineral construction and demolition waste dynamics through a combination of geospatial and image analysis,2021,10.1016/j.jenvman.2020.111879,Journal of Environmental Management,1,1,1,1,1,1,Candidate cross-stage record only; full-text validation required
doi:10.1111/jiec.13198,"A scalable data collection, characterization, and accounting framework for urban material stocks",2022,10.1111/jiec.13198,Journal of Industrial Ecology,1,0,1,0,0,0,Candidate cross-stage record only; full-text validation required
doi:10.1088/2634-4505/ac6d08,Building material stock analysis is critical for effective circular economy strategies: a comprehensive review,2022,10.1088/2634-4505/ac6d08,Environmental Research: Infrastructure and Sustainability,1,0,1,0,0,0,Candidate cross-stage record only; full-text validation required
doi:10.5194/isprs-annals-x-4-w2-2022-225-2022,Dataset for Urban Scale Building Stock Modelling: Identification and Review of Potential Data Collection Approaches,2022,10.5194/isprs-annals-X-4-W2-2022-225-2022,"ISPRS Annals of the Photogrammetry, Remote Sensing and Spatial Information Sciences",1,1,1,1,0,0,Candidate cross-stage record only; full-text validation required
doi:10.15196/ts620303,Experimental GIS analysis of the mass and material composition of the building stock in sample areas in Budapest; [Az épületállomány tömegének és anyagösszetételének kísérleti térinformatikai elemzése budapesti mintaterületeken],2022,10.15196/TS620303,Teruleti Statisztika,1,0,1,0,0,0,Candidate cross-stage record only; full-text validation required
doi:10.1111/jiec.13143,Material intensity database for the Dutch building stock: Towards Big Data in material stock analysis,2022,10.1111/jiec.13143,Journal of Industrial Ecology,1,0,1,0,0,0,Candidate cross-stage record only; full-text validation required
doi:10.1111/jiec.13174,Semisupervised machine learning classification framework for material intensity parameters of residential buildings,2022,10.1111/jiec.13174,Journal of Industrial Ecology,1,1,1,1,0,0,Candidate cross-stage record only; full-text validation required
doi:10.1111/jiec.13332,What matters most to the material intensity coefficient of buildings? Random forest-based evidence from China,2022,10.1111/jiec.13332,Journal of Industrial Ecology,1,1,1,1,0,0,Candidate cross-stage record only; full-text validation required
doi:10.1088/1742-6596/2600/19/192001,A Danish model of building macro-components to promote circularity,2023,10.1088/1742-6596/2600/19/192001,Journal of Physics: Conference Series,1,0,1,0,0,0,Candidate cross-stage record only; full-text validation required
doi:10.1111/jiec.13348,Building feature-based machine learning regression to quantify urban material stocks: A Hong Kong study,2023,10.1111/jiec.13348,Journal of Industrial Ecology,1,1,1,1,0,0,Candidate cross-stage record only; full-text validation required
doi:10.1111/jiec.13356,High-resolution quantification of building stock using multi-source remote sensing imagery and deep learning,2023,10.1111/jiec.13356,Journal of Industrial Ecology,1,0,1,0,0,0,Candidate cross-stage record only; full-text validation required
doi:10.1016/j.resconrec.2022.106651,Mapping the evolution of building material stocks in three eastern coastal urban agglomerations of China,2023,10.1016/j.resconrec.2022.106651,"Resources, Conservation and Recycling",1,0,1,0,0,0,Candidate cross-stage record only; full-text validation required
title:parametric archetype a synthetic digital method of building material stock representation based on distance measurement,Parametric Archetype A Synthetic Digital Method of Building Material Stock Representation Based on Distance Measurement,2023,,"Habits of the Anthropocene: Scarcity and Abundance in a Post-Material Economy - Proceedings of the 43rd Annual Conference of the Association for Computer Aided Design in Architecture, ACADIA 2023",1,0,1,0,0,0,Candidate cross-stage record only; full-text validation required
doi:10.1021/acs.est.3c09207,Component-Level Residential Building Material Stock Characterization Using Computer Vision Techniques,2024,10.1021/acs.est.3c09207,Environmental Science and Technology,1,0,1,0,0,0,Candidate cross-stage record only; full-text validation required
doi:10.1007/978-3-031-36554-6_44,Enhanced Databases on City’s Building Material Stock. An Urban Mining Method Based on Machine Learning for Enabling Building’s Materials Reuse Strategies,2024,10.1007/978-3-031-36554-6_44,Sustainable Development Goals Series,1,0,1,0,0,0,Candidate cross-stage record only; full-text validation required
doi:10.1016/j.scitotenv.2024.175634,From expansion to efficiency: Machine learning-based forecasting of Japan's building material stocks under demographic declines,2024,10.1016/j.scitotenv.2024.175634,Science of the Total Environment,1,0,1,0,0,0,Candidate cross-stage record only; full-text validation required
doi:10.1016/j.resconrec.2024.107630,Mapping material stocks of buildings and mobility infrastructure in the United Kingdom and the Republic of Ireland,2024,10.1016/j.resconrec.2024.107630,"Resources, Conservation and Recycling",1,0,1,0,0,0,Candidate cross-stage record only; full-text validation required
doi:10.1016/j.buildenv.2024.111595,Predictive models of embodied carbon emissions in building design phases: Machine learning approaches based on residential buildings in China,2024,10.1016/j.buildenv.2024.111595,Building and Environment,1,0,1,0,0,0,Candidate cross-stage record only; full-text validation required
doi:10.1016/j.gsf.2023.101760,"Towards net zero carbon buildings: Accounting the building embodied carbon and life cycle-based policy design for Greater Bay Area, China",2024,10.1016/j.gsf.2023.101760,Geoscience Frontiers,1,0,1,0,0,0,Candidate cross-stage record only; full-text validation required
title:uncovering the circular potential estimating material flows for building systems components reuse in the swiss built environment,UNCOVERING THE CIRCULAR POTENTIAL: ESTIMATING MATERIAL FLOWS FOR BUILDING SYSTEMS COMPONENTS REUSE IN THE SWISS BUILT ENVIRONMENT,2024,,"PROCEEDINGS OF THE 29TH INTERNATIONAL CONFERENCE OF THE ASSOCIATION FOR COMPUTER-AIDED ARCHITECTURAL DESIGN RESEARCH IN ASIA, CAADRIA 2024, VOL 1",1,0,1,0,0,0,Candidate cross-stage record only; full-text validation required
doi:10.1109/icarc64760.2025.10963282,A Computer Vision Approach for Estimating Embodied Carbon to Support Circular Economy Decisions,2025,10.1109/ICARC64760.2025.10963282,"2025 5th International Conference on Advanced Research in Computing: Converging Horizons: Uniting Disciplines in Computing Research through AI Innovation, ICARC 2025 - Proceedings",1,0,1,0,0,0,Candidate cross-stage record only; full-text validation required
doi:10.1016/j.resconrec.2025.108311,A novel computer vision-based approach for autonomous building facade material stock estimation,2025,10.1016/j.resconrec.2025.108311,"Resources, Conservation and Recycling",1,0,1,0,0,0,Candidate cross-stage record only; full-text validation required
doi:10.1021/acs.est.5c03058,"A Satellite-Driven Model for Monitoring Urban Material Metabolism, Embodied Emissions, and Carbonation",2025,10.1021/acs.est.5c03058,Environmental Science and Technology,1,1,1,1,0,0,Candidate cross-stage record only; full-text validation required
doi:10.14627/gis.science.2025.4.1,AN ANALYSIS OF REGIONAL BUILDING STOCKS FOR MATERIAL FLOW ASSESSMENT; [EINE ANALYSE REGIONALER GEBÄUDEBESTÄNDE ZUR BEWERTUNG DES MATERIALFLUSSES],2025,10.14627/gis.Science.2025.4.1,gis.Science - Die Zeitschrift fur Geoinformatik,1,0,1,0,1,0,Candidate cross-stage record only; full-text validation required
doi:10.1016/j.scs.2025.106522,Autonomous building material stock estimation using 3D modeling and multilayer perceptron,2025,10.1016/j.scs.2025.106522,Sustainable Cities and Society,1,0,1,0,0,0,Candidate cross-stage record only; full-text validation required
doi:10.52842/conf.caadria.2025.3.499,Forecasting Future Construction Demands: A Deep Learning approach for material stock circularity analysis of Singapore residential buildings,2025,10.52842/conf.caadria.2025.3.499,Proceedings of the International Conference on Computer-Aided Architectural Design Research in Asia,1,0,1,0,0,0,Candidate cross-stage record only; full-text validation required
doi:10.1016/j.resconrec.2025.108392,Geometry-informed material intensity reveals considerable intra-archetype material variability of UK housing,2025,10.1016/j.resconrec.2025.108392,"Resources, Conservation and Recycling",1,1,1,1,0,0,Candidate cross-stage record only; full-text validation required
doi:10.1016/j.jobe.2025.113391,Integrated BIM-GIS framework for holistic building stock assessment using 5D geo-modeling and digital twin concepts,2025,10.1016/j.jobe.2025.113391,Journal of Building Engineering,1,1,1,1,0,0,Candidate cross-stage record only; full-text validation required
doi:10.1016/b978-0-443-23962-5.00002-5,Integration of BIM and GIS to reduce construction and demolition waste,2025,10.1016/B978-0-443-23962-5.00002-5,"Advances in Construction and Demolition Waste Recycling: Digital Technologies, Management, Processing and Environmental Assessment",1,0,1,0,0,0,Candidate cross-stage record only; full-text validation required
doi:10.1016/j.cec.2025.100156,"Investigating circularity in the construction and demolition sector through remote sensing: A case study of Bolzano/Bozen, Italy",2025,10.1016/j.cec.2025.100156,Circular Economy,1,0,1,0,0,0,Candidate cross-stage record only; full-text validation required
doi:10.1016/j.resconrec.2024.108117,live (a) little: GHG emissions from residential building materials for all 400 counties and cities of Germany until 2050,2025,10.1016/j.resconrec.2024.108117,"Resources, Conservation and Recycling",1,0,1,0,1,0,Candidate cross-stage record only; full-text validation required
doi:10.1016/j.resconrec.2024.108075,"Mapping the urban building stock for a circular economy by integrating GIS and BIM. A case study from Belgrade, Serbia",2025,10.1016/j.resconrec.2024.108075,"Resources, Conservation and Recycling",1,0,1,0,0,0,Candidate cross-stage record only; full-text validation required
doi:10.1111/jiec.70066,"Material stocks and embodied carbon in UK buildings: An archetype-based, bottom-up, GIS approach",2025,10.1111/jiec.70066,Journal of Industrial Ecology,1,0,1,0,0,0,Candidate cross-stage record only; full-text validation required
doi:10.1111/jiec.70048,Modeling interior component stocks of UK housing using exterior features and machine learning techniques,2025,10.1111/jiec.70048,Journal of Industrial Ecology,1,0,1,0,0,0,Candidate cross-stage record only; full-text validation required
doi:10.1016/j.ese.2025.100538,Urban fabric decoded: High-precision building material identification via deep learning and remote sensing,2025,10.1016/j.ese.2025.100538,Environmental Science and Ecotechnology ,1,0,1,0,0,0,Candidate cross-stage record only; full-text validation required
doi:10.1007/s44498-026-00138-5,Assessing the sensitivity of material-intensity-based building stock estimates to design parameters,2026,10.1007/s44498-026-00138-5,Journal of Industrial Ecology,1,1,1,1,0,0,Candidate cross-stage record only; full-text validation required
doi:10.3390/su18042093,"Beyond Building Structure: Estimating the Material Stock of Mechanical, Electrical and Plumbing Systems",2026,10.3390/su18042093,Sustainability (Switzerland),1,0,1,0,0,0,Candidate cross-stage record only; full-text validation required
doi:10.1016/j.scs.2025.107049,Computer vision-based approach for autonomous estimation of building envelope material stock,2026,10.1016/j.scs.2025.107049,Sustainable Cities and Society,1,0,1,0,0,0,Candidate cross-stage record only; full-text validation required
doi:10.1007/s44498-026-00109-w,Using earth observation for national high resolution dynamic material stock modelling through time; assessing sand consumption in Malaysia from 1989 to 2020,2026,10.1007/s44498-026-00109-w,Journal of Industrial Ecology,1,0,1,0,1,0,Candidate cross-stage record only; full-text validation required
doi:10.1177/0734242x07079183,Exploration of urban deposits: Long-term prospects for resource and waste management,2007,10.1177/0734242X07079183,Waste Management and Research,0,0,1,1,1,1,Candidate cross-stage record only; full-text validation required
doi:10.1080/09613218.2016.1112096,Material stocks in Germany's non-domestic buildings: a new quantification method,2016,10.1080/09613218.2016.1112096,Building Research and Information,0,0,1,0,1,0,Candidate cross-stage record only; full-text validation required
doi:10.1016/j.resconrec.2017.01.015,How important are realistic building lifespan assumptions for material stock and demolition waste accounts?,2017,10.1016/j.resconrec.2017.01.015,"Resources, Conservation and Recycling",0,0,1,1,1,1,Candidate cross-stage record only; full-text validation required
doi:10.1109/iv.2017.34,Urban Mining: Visualizing the Availability of Construction Materials for Re-use in Future Cities,2017,10.1109/iV.2017.34,2017 21st International Conference Information Visualisation (IV),0,0,1,0,1,0,Candidate cross-stage record only; full-text validation required
doi:10.1111/jiec.12579,A Probabilistic Dynamic Material Flow Analysis Model for Chinese Urban Housing Stock,2018,10.1111/jiec.12579,Journal of Industrial Ecology,0,0,1,1,1,1,Candidate cross-stage record only; full-text validation required
doi:10.1016/j.resconrec.2017.09.022,Towards a more circular construction sector: Estimating and spatialising current and future non-structural material replacement flows to maintain urban building stocks,2018,10.1016/j.resconrec.2017.09.022,"Resources, Conservation and Recycling",0,0,1,0,1,0,Candidate cross-stage record only; full-text validation required
doi:10.1016/j.resconrec.2018.12.011,A spatial analysis of material stock accumulation and demolition waste potential of buildings: A case study of Padua,2019,10.1016/j.resconrec.2018.12.011,"Resources, Conservation and Recycling",0,0,1,0,1,0,Candidate cross-stage record only; full-text validation required
doi:10.1016/j.ecolecon.2019.03.020,"An Integrated Material Flows, Stakeholders and Policies Approach to Identify and Exploit Regional Resource Potentials",2019,10.1016/j.ecolecon.2019.03.020,Ecological Economics,0,0,1,0,1,0,Candidate cross-stage record only; full-text validation required
doi:10.1021/acs.est.9b01952,Dynamic Assessment of Construction Materials in Urban Building Stocks: A Critical Review,2019,10.1021/acs.est.9b01952,Environmental Science and Technology,0,0,1,0,1,0,Candidate cross-stage record only; full-text validation required
doi:10.1016/j.jclepro.2019.01.199,Residential building material stocks and component-level circularity: The case of Singapore,2019,10.1016/j.jclepro.2019.01.199,Journal of Cleaner Production,0,0,1,0,1,0,Candidate cross-stage record only; full-text validation required
doi:10.1111/jiec.12739,Tracking Construction Material over Space and Time: Prospective and Geo-referenced Modeling of Building Stocks and Construction Material Flows,2019,10.1111/jiec.12739,Journal of Industrial Ecology,0,0,1,1,1,1,Candidate cross-stage record only; full-text validation required
doi:10.1016/j.jclepro.2019.118658,Modelling global material stocks and flows for residential and service sector buildings towards 2050,2020,10.1016/j.jclepro.2019.118658,Journal of Cleaner Production,0,0,1,0,1,0,Candidate cross-stage record only; full-text validation required
doi:10.1111/jiec.13049,Temporal analysis of the material flows and embodied greenhouse gas emissions of a neighborhood building stock,2021,10.1111/jiec.13049,Journal of Industrial Ecology,0,0,1,0,1,0,Candidate cross-stage record only; full-text validation required
doi:10.1016/j.apenergy.2022.118941,A simulation-based bottom-up approach for analysing the evolution of residential buildings’ material stocks and environmental impacts – A case study of Inner Melbourne,2022,10.1016/j.apenergy.2022.118941,Applied Energy,0,0,1,0,1,0,Candidate cross-stage record only; full-text validation required
doi:10.1016/j.jclepro.2022.132086,Assessing the potential of decarbonizing China's building construction by 2060 and synergy with industry sector,2022,10.1016/j.jclepro.2022.132086,Journal of Cleaner Production,0,0,1,0,1,0,Candidate cross-stage record only; full-text validation required
doi:10.1016/j.cec.2022.100004,The dynamic stock-flow and driving force analysis of the building metal and non-metal resources at a city scale: An empirical study in Macao,2022,10.1016/j.cec.2022.100004,Circular Economy,0,0,1,0,1,0,Candidate cross-stage record only; full-text validation required
doi:10.1177/23998083221140892,How changes in urban morphology translate into urban metabolisms of building stocks: A framework for spatiotemporal material flow analysis and a case study,2023,10.1177/23998083221140892,Environment and Planning B: Urban Analytics and City Science,0,0,1,0,1,0,Candidate cross-stage record only; full-text validation required
doi:10.3390/buildings14051266,High-Resolution Mapping of Urban Residential Building Stock Using Multisource Geographic Data,2024,10.3390/buildings14051266,Buildings,0,0,1,0,1,0,Candidate cross-stage record only; full-text validation required
doi:10.20517/cf.2024.12,Prediction of embodied GHG emissions of building materials in Shanghai,2024,10.20517/cf.2024.12,Carbon Footprints,0,0,1,0,1,0,Candidate cross-stage record only; full-text validation required
doi:10.1111/jiec.13576,Tradeoffs and synergy between material cycles and greenhouse gas emissions: Opportunities in a rapidly growing housing stock,2024,10.1111/jiec.13576,Journal of Industrial Ecology,0,0,1,0,1,0,Candidate cross-stage record only; full-text validation required
doi:10.1016/j.rser.2024.115262,Dynamic life cycle assessment of buildings and building stocks – A review,2025,10.1016/j.rser.2024.115262,Renewable and Sustainable Energy Reviews,0,0,1,1,1,1,Candidate cross-stage record only; full-text validation required
doi:10.1021/acs.est.4c08994,Greenhouse Gas Emissions and Decarbonization Potential of Global Fired Clay Brick Production,2025,10.1021/acs.est.4c08994,Environmental Science and Technology,0,0,1,1,1,1,Candidate cross-stage record only; full-text validation required
doi:10.1111/jiec.70100,Mapping nationwide material stock turnover: High-resolution spatial analysis of building material stock and flow patterns across Japan 2003–2020,2025,10.1111/jiec.70100,Journal of Industrial Ecology,0,0,1,0,1,0,Candidate cross-stage record only; full-text validation required
doi:10.1016/j.resconrec.2025.108228,Material intensity and embodied carbon of Korea's residential buildings over four decades,2025,10.1016/j.resconrec.2025.108228,"Resources, Conservation and Recycling",0,0,1,1,1,1,Candidate cross-stage record only; full-text validation required
doi:10.13671/j.hjkxxb.2025.0285,Material metabolism and spatial distribution characteristics of urban residential buildings in Chongqing based on dynamic material flow analysis and 4D-GIS approaches; [基于动态物质流与 4D-GIS 的重庆城镇住宅物质代谢与空间分布特征研究],2025,10.13671/j.hjkxxb.2025.0285,Huanjing Kexue Xuebao / Acta Scientiae Circumstantiae,0,0,1,0,1,0,Candidate cross-stage record only; full-text validation required
doi:10.1016/j.resconrec.2025.108157,"Material stocks and flows embedded in residential buildings: A spatially explicit and temporally dynamic bottom-up study of Vantaa, Finland",2025,10.1016/j.resconrec.2025.108157,"Resources, Conservation and Recycling",0,0,1,0,1,0,Candidate cross-stage record only; full-text validation required
doi:10.1016/j.resconrec.2024.107971,Pathways to a net zero building sector in Colombia: Insights from a circular economy perspective,2025,10.1016/j.resconrec.2024.107971,"Resources, Conservation and Recycling",0,0,1,1,1,1,Candidate cross-stage record only; full-text validation required
doi:10.1007/s44498-026-00164-3,A layered dynamic material flow framework for modeling building renovations,2026,10.1007/s44498-026-00164-3,Journal of Industrial Ecology,0,0,1,1,1,1,Candidate cross-stage record only; full-text validation required
doi:10.1016/j.jclepro.2026.148488,Resource efficiency and circularity under rapid urbanization: Insights from dynamic material stock–flow analysis in Vietnam,2026,10.1016/j.jclepro.2026.148488,Journal of Cleaner Production,0,0,1,0,1,0,Candidate cross-stage record only; full-text validation required
doi:10.1016/j.scs.2026.107554,"Where if? Using spatial, building-stock-driven simulations to explore construction circularity strategies in Gothenburg, Sweden",2026,10.1016/j.scs.2026.107554,Sustainable Cities and Society,0,0,1,0,1,0,Candidate cross-stage record only; full-text validation required
doi:10.1186/s42162-024-00313-7,A review of building digital twins to improve energy efficiency in the building operational stage,2024,10.1186/s42162-024-00313-7,Energy Informatics,1,1,0,0,1,1,Candidate cross-stage record only; full-text validation required
doi:10.1016/j.compenvurbsys.2026.102481,Spatiotemporal machine learning for building demolition risk modelling,2026,10.1016/j.compenvurbsys.2026.102481,"Computers, Environment and Urban Systems",1,0,0,0,1,0,Candidate cross-stage record only; full-text validation required
