Stage,Layer,Duplicate group,Normalized title,Title,Year,DOI,Source title,Database provenance
S1,Broad,S1B_001,linear and circular structures of the bohemian massif comparison of satellite and geophysical data,Linear and circular structures of the Bohemian Massif - Comparison of satellite and geophysical data,1984,10.1016/0273-1177(84)90399-5,Advances in Space Research,Scopus
S1,Broad,S1B_001,linear and circular structures of the bohemian massif comparison of satellite and geophysical data,Linear and circular structures of the Bohemian Massif - comparison of satellite and geophysical data.,1984,,Remote sensing from satellites,Scopus
S1,Broad,S1B_002,an ariane strategy for in orbit separation of satellite constellations,An Ariane strategy for in-orbit separation of satellite constellations,1996,10.1016/s0892-9270(96)00020-6,Space Technology,Scopus
S1,Broad,S1B_002,an ariane strategy for in orbit separation of satellite constellations,An Ariane strategy for in-orbit separation of satellite constellations,1996,,SPACE TECHNOLOGY-INDUSTRIAL AND COMMERCIAL APPLICATIONS,Web of Science
S1,Broad,S1B_003,trial to estimate regional characteristics for seismic risk assessment using ikonos satellite image,Trial to Estimate Regional Characteristics for Seismic Risk Assessment Using IKONOS Satellite Image,2003,,International Geoscience and Remote Sensing Symposium (IGARSS),Scopus
S1,Broad,S1B_003,trial to estimate regional characteristics for seismic risk assessment using ikonos satellite image,Trial to estimate regional characteristics for seismic risk assessment using IKONOS satellite image,2003,10.1109/IGARSS.2003.1294091,IGARSS 2003. 2003 IEEE International Geoscience and Remote Sensing Symposium. Proceedings (IEEE Cat. No.03CH37477),IEEE Xplore
S1,Broad,S1B_004,lidar based change detection of buildings in dense urban areas,LIDAR-based change detection of buildings in dense urban areas,2004,10.1109/IGARSS.2004.1370438,IGARSS 2004. 2004 IEEE International Geoscience and Remote Sensing Symposium,Scopus; IEEE Xplore
S1,Broad,S1B_004,lidar based change detection of buildings in dense urban areas,LIDAR-based change detection of buildings in dense urban areas,2004,,"IGARSS 2004: IEEE INTERNATIONAL GEOSCIENCE AND REMOTE SENSING SYMPOSIUM PROCEEDINGS, VOLS 1-7: SCIENCE FOR SOCIETY: EXPLORING AND MANAGING A CHANGING PLANET",Web of Science
S1,Broad,S1B_005,advanced technologies for earthquake risk inventories,Advanced technologies for earthquake risk inventories,2006,10.1080/13632460609350594,Journal of Earthquake Engineering,Scopus
S1,Broad,S1B_005,advanced technologies for earthquake risk inventories,Advanced technologies for earthquake risk inventories,2006,10.1142/S1363246906002591,JOURNAL OF EARTHQUAKE ENGINEERING,Web of Science
S1,Broad,S1B_006,a spatial structural and statistical approach to building classification of residential function for city scale impact assessment studies,A spatial structural and statistical approach to building classification of residential function for city-scale impact assessment studies,2009,10.1007/978-3-642-02454-2_16,Lecture Notes in Computer Science (including subseries Lecture Notes in Artificial Intelligence and Lecture Notes in Bioinformatics),Scopus
S1,Broad,S1B_006,a spatial structural and statistical approach to building classification of residential function for city scale impact assessment studies,A Spatial Structural and Statistical Approach to Building Classification of Residential Function for City-Scale Impact Assessment Studies,2009,,"COMPUTATIONAL SCIENCE AND ITS APPLICATIONS - ICCSA 2009, PT I",Web of Science
S1,Broad,S1B_007,application of ann to evaluate effective parameters affecting failure load and displacement of rc buildings,Application of ANN to evaluate effective parameters affecting failure load and displacement of RC buildings,2009,10.5194/nhess-9-967-2009,Natural Hazards and Earth System Science,Scopus
S1,Broad,S1B_007,application of ann to evaluate effective parameters affecting failure load and displacement of rc buildings,Application of ANN to evaluate effective parameters affecting failure load and displacement of RC buildings,2009,,NATURAL HAZARDS AND EARTH SYSTEM SCIENCES,Web of Science
S1,Broad,S1B_008,seismic risk assessment for historical town centers and their surroundings using geoinformatics the case study of paphos cyprus,"Seismic risk assessment for historical town centers and their surroundings using geoinformatics: The case study of Paphos, Cyprus",2010,10.1007/978-3-642-16873-4_43,Lecture Notes in Computer Science (including subseries Lecture Notes in Artificial Intelligence and Lecture Notes in Bioinformatics),Scopus
S1,Broad,S1B_008,seismic risk assessment for historical town centers and their surroundings using geoinformatics the case study of paphos cyprus,"Seismic Risk Assessment for Historical Town Centers and Their Surroundings Using Geoinformatics: The Case Study of Paphos, Cyprus",2010,,DIGITAL HERITAGE,Web of Science
S1,Broad,S1B_009,seismic vulnerability assessment using field survey and remote sensing techniques,Seismic Vulnerability Assessment Using Field Survey and Remote Sensing Techniques,2011,10.1007/978-3-642-21887-3_9,Lecture Notes in Computer Science (including subseries Lecture Notes in Artificial Intelligence and Lecture Notes in Bioinformatics),Scopus
S1,Broad,S1B_009,seismic vulnerability assessment using field survey and remote sensing techniques,Seismic Vulnerability Assessment Using Field Survey and Remote Sensing Techniques,2011,,"COMPUTATIONAL SCIENCE AND ITS APPLICATIONS - ICCSA 2011, PT II",Web of Science
S1,Broad,S1B_010,estimation of seismic building structural types using multi sensor remote sensing and machine learning techniques,Estimation of seismic building structural types using multi-sensor remote sensing and machine learning techniques,2015,10.1016/j.isprsjprs.2014.07.016,ISPRS Journal of Photogrammetry and Remote Sensing,Scopus; Web of Science
S1,Broad,S1B_010,estimation of seismic building structural types using multi sensor remote sensing and machine learning techniques,Estimation of seismic building structural types using multi-sensor remote sensing and machine learning techniques,2019,,DLR Deutsches Zentrum fur Luft- und Raumfahrt e.V. - Forschungsberichte,Scopus
S1,Broad,S1B_011,estimating residential wall thermal resistance from exterior thermal imaging,Estimating residential wall thermal resistance from exterior thermal imaging,2017,10.1115/ES2017-3666,"ASME 2017 11th International Conference on Energy Sustainability, ES 2017, collocated with the ASME 2017 Power Conference Joint with ICOPE 2017, the ASME 2017 15th International Conference on Fuel Cell Science, Engineering and Technology, and the ASME 2017 Nuclear Forum",Scopus
S1,Broad,S1B_011,estimating residential wall thermal resistance from exterior thermal imaging,Estimating Residential Wall Thermal Resistance from Exterior Thermal Imaging,2017,,"PROCEEDINGS OF THE ASME 11TH INTERNATIONAL CONFERENCE ON ENERGY SUSTAINABILITY, 2017",Web of Science
S1,Broad,S1B_012,indonesia infrastructure and consumer stock portfolio prediction using artificial neural network backpropagation,Indonesia infrastructure and consumer stock portfolio prediction using artificial neural network backpropagation,2017,10.1109/ICoICT.2017.8074710,"2017 5th International Conference on Information and Communication Technology, ICoIC7 2017",Scopus; IEEE Xplore
S1,Broad,S1B_012,indonesia infrastructure and consumer stock portfolio prediction using artificial neural network backpropagation,Indonesia Infrastructure and Consumer Stock Portfolio Prediction using Artificial Neural Network Backpropagation,2017,,2017 5TH INTERNATIONAL CONFERENCE ON INFORMATION AND COMMUNICATION TECHNOLOGY (ICOIC7),Web of Science
S1,Broad,S1B_013,potential of satellite remote sensing to monitor vulnerablity of buildings to earthquakes within a semi empirical macroseismic approach,Potential of satellite remote sensing to monitor vulnerablity of buildings to earthquakes within a semi-empirical macroseismic approach,2018,10.1109/IGARSS.2018.8519531,IGARSS 2018 - 2018 IEEE International Geoscience and Remote Sensing Symposium,Scopus; IEEE Xplore
S1,Broad,S1B_013,potential of satellite remote sensing to monitor vulnerablity of buildings to earthquakes within a semi empirical macroseismic approach,POTENTIAL OF SATELLITE REMOTE SENSING TO MONITOR VULNERABLITY OF BUILDINGS TO EARTHQUAKES WITHIN A SEMI-EMPIRICAL MACROSEISMIC APPROACH,2018,,IGARSS 2018 - 2018 IEEE INTERNATIONAL GEOSCIENCE AND REMOTE SENSING SYMPOSIUM,Web of Science
S1,Broad,S1B_014,understanding regional building characteristics in yangon based on digital building model,Understanding regional building characteristics in yangon based on digital building model,2018,10.20965/jdr.2018.p0125,Journal of Disaster Research,Scopus
S1,Broad,S1B_014,understanding regional building characteristics in yangon based on digital building model,Understanding Regional Building Characteristics in Yangon Based on Digital Building Model,2018,,JOURNAL OF DISASTER RESEARCH,Web of Science
S1,Broad,S1B_015,a fast machine learning model for large scale estimation of annual solar irradiation on rooftops,A Fast Machine Learning Model for Large-Scale Estimation of Annual Solar Irradiation on Rooftops,2019,10.18086/swc.2019.45.12,PROCEEDINGS OF THE ISES SOLAR WORLD CONFERENCE 2019 AND THE IEA SHC SOLAR HEATING AND COOLING CONFERENCE FOR BUILDINGS AND INDUSTRY 2019,Web of Science
S1,Broad,S1B_015,a fast machine learning model for large scale estimation of annual solar irradiation on rooftops,A fast machine learning model for large-scale estimation of annual solar irradiation on rooftops,2020,10.18086/swc.2019.45.14,Proceedings of the ISES Solar World Congress 2019 and IEA SHC International Conference on Solar Heating and Cooling for Buildings and Industry 2019,Scopus
S1,Broad,S1B_016,cutting the deployment costs of physics based mpc in buildings by simulation based imitation learning,Cutting the deployment costs of physics-based mpc in buildings by simulation-based imitation learning,2020,10.1115/DSCC2020-3118,"ASME 2020 Dynamic Systems and Control Conference, DSCC 2020",Scopus
S1,Broad,S1B_016,cutting the deployment costs of physics based mpc in buildings by simulation based imitation learning,CUTTING THE DEPLOYMENT COSTS OF PHYSICS-BASED MPC IN BUILDINGS BY SIMULATION-BASED IMITATION LEARNING,2020,,"PROCEEDINGS OF THE ASME DYNAMIC SYSTEMS AND CONTROL CONFERENCE, DSCC2020, VOL 1",Web of Science
S1,Broad,S1B_017,learncarbon a tool for machine learning prediction of global warming potential from abstract designs,LearnCarbon: A tool for machine learning prediction of global warming potential from abstract designs,2022,10.52842/conf.ecaade.2022.2.601,Proceedings of the International Conference on Education and Research in Computer Aided Architectural Design in Europe,Scopus
S1,Broad,S1B_017,learncarbon a tool for machine learning prediction of global warming potential from abstract designs,LearnCarbon A tool for machine learning prediction of global warming potential from abstract designs,2022,,"CO-CREATING THE FUTURE: INCLUSION IN AND THROUGH DESIGN, ECAADE 2022, VOL 2",Web of Science
S1,Broad,S1B_018,automated mass building dilapidation assessment by triangulating panoptic learnt defects with urban footprints,Automated Mass Building Dilapidation Assessment by Triangulating Panoptic Learnt Defects with Urban Footprints,2024,10.1061/9780784486139.053,"Computing in Civil Engineering 2024: Sustainability, Resilience, Safety, and Education - Selected papers from the ASCE International Conference on Computing in Civil Engineering 2024",Scopus
S1,Broad,S1B_018,automated mass building dilapidation assessment by triangulating panoptic learnt defects with urban footprints,Automated Mass Building Dilapidation Assessment by Triangulating Panoptic Learnt Defects with Urban Footprints,2024,,"COMPUTING IN CIVIL ENGINEERING 2024: SUSTAINABILITY, RESILIENCE, SAFETY, AND EDUCATION",Web of Science
S1,Broad,S1B_019,lca calculation of retrofitting scenarios using geometric model reconstruction and semantic enrichment of point clouds and images,LCA Calculation of Retrofitting Scenarios Using Geometric Model Reconstruction and Semantic Enrichment of Point Clouds and Images,2024,10.1061/9780784485231.047,"Computing in Civil Engineering 2023: Visualization, Information Modeling, and Simulation - Selected Papers from the ASCE International Conference on Computing in Civil Engineering 2023",Scopus
S1,Broad,S1B_019,lca calculation of retrofitting scenarios using geometric model reconstruction and semantic enrichment of point clouds and images,LCA Calculation of Retrofitting Scenarios Using Geometric Model Reconstruction and Semantic Enrichment of Point Clouds and Images,2024,,"COMPUTING IN CIVIL ENGINEERING 2023-VISUALIZATION, INFORMATION MODELING, AND SIMULATION",Web of Science
S1,Uncertainty,S1U_001,a spatial structural and statistical approach to building classification of residential function for city scale impact assessment studies,A spatial structural and statistical approach to building classification of residential function for city-scale impact assessment studies,2009,10.1007/978-3-642-02454-2_16,Lecture Notes in Computer Science (including subseries Lecture Notes in Artificial Intelligence and Lecture Notes in Bioinformatics),Scopus
S1,Uncertainty,S1U_001,a spatial structural and statistical approach to building classification of residential function for city scale impact assessment studies,A Spatial Structural and Statistical Approach to Building Classification of Residential Function for City-Scale Impact Assessment Studies,2009,,"COMPUTATIONAL SCIENCE AND ITS APPLICATIONS - ICCSA 2009, PT I",Web of Science
S1,Uncertainty,S1U_002,estimating residential wall thermal resistance from exterior thermal imaging,Estimating residential wall thermal resistance from exterior thermal imaging,2017,10.1115/ES2017-3666,"ASME 2017 11th International Conference on Energy Sustainability, ES 2017, collocated with the ASME 2017 Power Conference Joint with ICOPE 2017, the ASME 2017 15th International Conference on Fuel Cell Science, Engineering and Technology, and the ASME 2017 Nuclear Forum",Scopus
S1,Uncertainty,S1U_002,estimating residential wall thermal resistance from exterior thermal imaging,Estimating Residential Wall Thermal Resistance from Exterior Thermal Imaging,2017,,"PROCEEDINGS OF THE ASME 11TH INTERNATIONAL CONFERENCE ON ENERGY SUSTAINABILITY, 2017",Web of Science
S1,Uncertainty,S1U_003,potential of satellite remote sensing to monitor vulnerablity of buildings to earthquakes within a semi empirical macroseismic approach,Potential of satellite remote sensing to monitor vulnerablity of buildings to earthquakes within a semi-empirical macroseismic approach,2018,10.1109/IGARSS.2018.8519531,IGARSS 2018 - 2018 IEEE International Geoscience and Remote Sensing Symposium,Scopus; IEEE Xplore
S1,Uncertainty,S1U_003,potential of satellite remote sensing to monitor vulnerablity of buildings to earthquakes within a semi empirical macroseismic approach,POTENTIAL OF SATELLITE REMOTE SENSING TO MONITOR VULNERABLITY OF BUILDINGS TO EARTHQUAKES WITHIN A SEMI-EMPIRICAL MACROSEISMIC APPROACH,2018,,IGARSS 2018 - 2018 IEEE INTERNATIONAL GEOSCIENCE AND REMOTE SENSING SYMPOSIUM,Web of Science
S1,Uncertainty,S1U_004,automated mass building dilapidation assessment by triangulating panoptic learnt defects with urban footprints,Automated Mass Building Dilapidation Assessment by Triangulating Panoptic Learnt Defects with Urban Footprints,2024,10.1061/9780784486139.053,"Computing in Civil Engineering 2024: Sustainability, Resilience, Safety, and Education - Selected papers from the ASCE International Conference on Computing in Civil Engineering 2024",Scopus
S1,Uncertainty,S1U_004,automated mass building dilapidation assessment by triangulating panoptic learnt defects with urban footprints,Automated Mass Building Dilapidation Assessment by Triangulating Panoptic Learnt Defects with Urban Footprints,2024,,"COMPUTING IN CIVIL ENGINEERING 2024: SUSTAINABILITY, RESILIENCE, SAFETY, AND EDUCATION",Web of Science
S1,Uncertainty,S1U_005,lca calculation of retrofitting scenarios using geometric model reconstruction and semantic enrichment of point clouds and images,LCA Calculation of Retrofitting Scenarios Using Geometric Model Reconstruction and Semantic Enrichment of Point Clouds and Images,2024,10.1061/9780784485231.047,"Computing in Civil Engineering 2023: Visualization, Information Modeling, and Simulation - Selected Papers from the ASCE International Conference on Computing in Civil Engineering 2023",Scopus
S1,Uncertainty,S1U_005,lca calculation of retrofitting scenarios using geometric model reconstruction and semantic enrichment of point clouds and images,LCA Calculation of Retrofitting Scenarios Using Geometric Model Reconstruction and Semantic Enrichment of Point Clouds and Images,2024,,"COMPUTING IN CIVIL ENGINEERING 2023-VISUALIZATION, INFORMATION MODELING, AND SIMULATION",Web of Science
S3,Broad,S3B_001,a methodology of estimation to accumulated resources and dismantling materials from the existing building stock,A methodology of estimation to accumulated resources and dismantling materials from the existing building stock,2005,10.1109/ECODIM.2005.1619363,"Proceedings - Fourth International Symposium on Environmentally Conscious Design and Inverse Manufacturing, Eco Design 2005",Scopus; IEEE Xplore
S3,Broad,S3B_001,a methodology of estimation to accumulated resources and dismantling materials from the existing building stock,A methodology of estimation to accumulated resources and dismantling materials from the existing building stock,2005,,"FOURTH INTERNATIONAL SYMPOSIUM ON ENVIRONMENTALLY CONSCIOUS DESIGN AND INVERSE MANUFACTURING, PROCEEDINGS",Web of Science
S3,Broad,S3B_002,methods for treating construction waste as resources from a sustainable development perspective,METHODS FOR TREATING CONSTRUCTION WASTE AS RESOURCES FROM A SUSTAINABLE DEVELOPMENT PERSPECTIVE,2022,10.30638/eemj.2022.017,Environmental Engineering and Management Journal,Scopus
S3,Broad,S3B_002,methods for treating construction waste as resources from a sustainable development perspective,METHODS FOR TREATING CONSTRUCTION WASTE AS RESOURCES FROM A SUSTAINABLE DEVELOPMENT PERSPECTIVE,2022,,ENVIRONMENTAL ENGINEERING AND MANAGEMENT JOURNAL,Web of Science
