transition,title,doi,geography_type,countries,study_area,handoff_level,handoff_label,uncertainty_method,verified_interface,evidence_pages,evidence_note,full_text_status,coding_confidence
S1→S2; S2→S3; S1→S2→S3,Modelling of mineral construction and demolition waste dynamics through a combination of geospatial and image analysis,10.1016/j.jenvman.2020.111879,country,Luxembourg,Luxembourg,3.0,Partial propagation,Stochastic lifetime scenarios; scenario sensitivity,S2→S3 partial; upstream S1 uncertainty not carried through,9; 11; 13,"Alternative lifetime profiles generate stochastic CDW scenarios; scenario spread reaches downstream waste estimates, but upstream geospatial/image uncertainty is not quantitatively propagated.",Main article available,Verified
S1→S2,Dataset for Urban Scale Building Stock Modelling: Identification and Review of Potential Data Collection Approaches,10.5194/isprs-annals-X-4-W2-2022-225-2022,country,Singapore,Singapore,1.0,Local characterization,Qualitative treatment of uncertain/missing data,No quantitative handoff,1,Uncertain reality conditions and missing building information are recognized; no formal uncertainty state is propagated to stock estimates.,Main article available,Verified
S1→S2,Semisupervised machine learning classification framework for material intensity parameters of residential buildings,10.1111/jiec.13174,global_database,,Global material-intensity database,2.0,Propagation-ready,Probability distributions for material-intensity parameters,S2 output is prepared for probabilistic downstream use,2; 4,"Probability distribution types and parameters are explicitly developed as inputs suitable for Monte Carlo and probabilistic stock-flow modelling, but the paper does not perform the downstream propagation.",Main article available,Verified
S1→S2,What matters most to the material intensity coefficient of buildings? Random forest-based evidence from China,10.1111/jiec.13332,country,China,China,1.0,Local characterization,Hierarchical MIC uncertainty; RF validation/bootstrapping,No downstream uncertainty distribution propagated,2; 4; 9,"MIC uncertainty is recognized and differentiated across attribute levels; RF bootstrap is part of model fitting and RMSE evaluates performance, but an uncertainty distribution is not carried into stock outputs.",Main article available,Verified
S1→S2,Building feature-based machine learning regression to quantify urban material stocks: A Hong Kong study,10.1111/jiec.13348,city,China,Hong Kong SAR,1.0,Local characterization,Prediction error / validation metrics,Accuracy quantified; uncertainty not propagated,1,"MAPE, RMSE and R² quantify predictive performance. These errors are not represented as a downstream uncertainty distribution in the city-scale stock estimate.",Main article available,Verified
S1→S2,"A Satellite-Driven Model for Monitoring Urban Material Metabolism, Embodied Emissions, and Carbonation",10.1021/acs.est.5c03058,city,China,Xiamen,4.0,Quantitative propagation,Material-intensity ranges; probabilistic emission factors; Monte Carlo; output CV/percentiles,Downstream quantitative handoff to emissions/carbonation; upstream EO uncertainty not verified,SI 9; SI 11; SI 15; SI 30,"Supporting information assigns uncertainty ranges to material intensity, derives probabilistic emission factors through Monte Carlo, and reports output uncertainty using CV and percentile differences. Main article was not supplied.",Supporting information only,Provisional
S1→S2,Geometry-informed material intensity reveals considerable intra-archetype material variability of UK housing,10.1016/j.resconrec.2025.108392,city,United Kingdom,Sheffield,3.0,Partial propagation,Geometry-informed variability propagated to stock estimates,S1/S2 heterogeneity reaches stock estimate; no probability distribution downstream,5; 8; 9,"Geometry-informed material intensities are applied to 225,704 houses; choice of MI produces 4.73 Mt / 18% discrepancy in stock estimates, showing quantitative transmission of representation variability without full probabilistic propagation.",Main article available,Verified
S1→S2,Integrated BIM-GIS framework for holistic building stock assessment using 5D geo-modeling and digital twin concepts,10.1016/j.jobe.2025.113391,city,Egypt,"Sixth District, 6th of October City, Giza",1.0,Local characterization,Validation and qualitative upscaling uncertainty,No quantitative uncertainty handoff,14,The study identifies uncertainty in upscaling and contextual variability but does not propagate a quantified uncertainty state through the BIM-GIS material-stock workflow.,Main article available,Verified
S1→S2,Assessing the sensitivity of material-intensity-based building stock estimates to design parameters,10.1007/s44498-026-00138-5,synthetic,,Synthetic design space with plausibility checks,1.0,Local characterization,Design-space sensitivity and robustness checks,Sensitivity analysis; no probabilistic handoff,7; 8; 11; 13,"The study quantifies design-induced variability and tests sensitivity to GFA, but the synthetic design space is not a probability model and is explicitly not interpreted as real-world uncertainty propagation.",Main article available,Verified
S2→S3,Exploration of urban deposits: Long-term prospects for resource and waste management,10.1177/0734242X07079183,unknown,,,,Unverified,,,,Full text was not present in the supplied ZIP archive.,Full text unavailable,Unverified
S2→S3,How important are realistic building lifespan assumptions for material stock and demolition waste accounts?,10.1016/j.resconrec.2017.01.015,multi_country,Japan; United Kingdom; United States,Nagoya; Wakayama; Salford; national Japan and United States stock models,4.0,Quantitative propagation,Lifetime-distribution alternatives; Monte Carlo input uncertainty,Lifetime/input uncertainty propagated to stock and demolition outputs,1; 5; 8,"Alternative lifetime distributions are propagated into stock and demolition-waste accounts; 10,000 Monte Carlo simulations propagate input uncertainty into stock accumulation.",Main article available,Verified
S2→S3,A Probabilistic Dynamic Material Flow Analysis Model for Chinese Urban Housing Stock,10.1111/jiec.12579,country,China,China,4.0,Quantitative propagation,Bootstrap; Monte Carlo; confidence intervals; Spearman uncertainty importance,Explicit S2→S3 uncertainty propagation,2; 6; 7,"Population, urbanization, floor area, building lifetime and material intensity are probabilistically represented; bootstrap and Monte Carlo propagate them to stocks, construction, demolition, material inflows and outflows.",Main article available,Verified
S2→S3,Tracking Construction Material over Space and Time: Prospective and Geo-referenced Modeling of Building Stocks and Construction Material Flows,10.1111/jiec.12739,country,Switzerland,Switzerland,4.0,Quantitative propagation,Probabilistic parameter sampling using normal/lognormal/uniform/Weibull functions,Building-level uncertain parameters propagated to future material flows,1; 3; 5,Uncertain or missing building parameters are assigned probability functions and sampled; probabilistic modelling is used to calculate building-level future material flows.,Main article available,Verified
S2→S3,Dynamic life cycle assessment of buildings and building stocks – A review,10.1016/j.rser.2024.115262,review,,Review; no single application geography,1.0,Local characterization,Review-level discussion of uncertainty and dynamic parameters,No empirical propagation in the review itself,1; 2,The review identifies uncertainty and inconsistent treatment of dynamic parameters but is not itself an application-level propagation study.,Main article available,Verified
S2→S3,Greenhouse Gas Emissions and Decarbonization Potential of Global Fired Clay Brick Production,10.1021/acs.est.4c08994,global,,Global,1.0,Local characterization,Sensitivity analysis for parameter/model assumptions,Sensitivity only; not formal uncertainty propagation,4; 6,"Parameter uncertainty is examined through sensitivity analysis and input variance is discussed, but uncertainty distributions are not jointly propagated through the decision pathway.",Main article available,Verified
S2→S3,Material intensity and embodied carbon of Korea's residential buildings over four decades,10.1016/j.resconrec.2025.108228,country,South Korea,South Korea,4.0,Quantitative propagation,Joint bootstrap of EPD emission-factor distributions,Quantitative propagation to embodied-carbon outputs,3; 7,"Carbon-emission-factor distributions are jointly bootstrapped 1,000 times and propagated to embodied-carbon estimates with standard errors and 95% confidence intervals.",Main article available,Verified
S2→S3,Pathways to a net zero building sector in Colombia: Insights from a circular economy perspective,10.1016/j.resconrec.2024.107971,country,Colombia,Colombia,1.0,Local characterization,One-way / scenario sensitivity,Sensitivity analysis; no uncertainty distribution propagated,3; 4,"Population, lifetime, housing size and CE deployment speed are tested in sensitivity analysis, but this is not a probabilistic uncertainty-propagation framework.",Main article available,Verified
S2→S3,A layered dynamic material flow framework for modeling building renovations,10.1007/s44498-026-00164-3,country,Sweden,Sweden,3.0,Partial propagation,Parametric stock-flow model; lifetime sensitivity; model-form comparison,Selected uncertainty/model-form changes reach renovation-flow outputs,3; 9; 10; 11; 12,"The framework explicitly estimates uncertainty associated with dimensions/material intensities and tests lifetime parameters; selected uncertainty and model-form changes alter renovation floor area and material-flow outputs, but no full joint probabilistic propagation is performed.",Main article available,Verified