Candidate transition,Candidate type,Candidate basis,Full-text validation status,Title,Authors,Year,Source title,Abstract,Author Keywords,Index Keywords,DOI,Document Type,Cited by,Database provenance,Scopus EID,WoS UT,IEEE Document Identifier,Source files,S1b,S1u,S2b,S2u,S3b,S3u,Detected uncertainty signals
S2→S3,Adjacent transition,Present in both Broad and uncertainty-focused corpora for all stages in this candidate transition,Pending,Exploration of urban deposits: Long-term prospects for resource and waste management,"Wittmer, D Lichtensteiger, T Wittmer, D",2007,Waste Management and Research,"Many materials currently in use are potentially available to become raw materials for future production if the materials are recycled instead of discarded as solid waste. However, the structure and life-expectancy of these secondary resources have not been sufficiently examined, and comprehensive methods for forecasting the availability of such materials are still lacking. This study presents a method for identifying anthropogenic material stocks in combination with the method of material flow analysis (MFA). The method was applied to copper in Switzerland as an example, with the focus on use in buildings. The exploration concept was a three-step process. First, a MFA identified the relevant stocks within the inventory of the region. Second, these stocks were inventoried through a building stock model and determination of key parameters that were defined by surveying selected buildings and from the literature. Third, the Study team developed a dynamic MFA model to describe the copper stocks and flows during the period 1900-2000. The results of the copper stock calculation (in kg capita(-1)) were: buildings 79 +/- 11, infrastructure 107 +/- 25, movables 34 +/- 9, landfills 50 +/- 12. The calibrated model enabled the study team to develop resource and waste management scenarios forecasting waste flows. It is shown that the conversion of buildings into other uses may affect the waste flows significantly.",Construction and demolition debris; Exploration method; Material flow analysis (MFA); Scenario analysis; Secondary resources; Urban deposits; Waste flow prediction; wmr 1166-9; construction and demolition debris; exploration method; material flow analysis (MFA); scenario analysis; secondary resources; urban deposits; waste flow prediction,"Algorithms; Cities; Conservation of Natural Resources; Construction Materials; Copper; Environmental Monitoring; Humans; Industrial Waste; Manufactured Materials; Models, Theoretical; Switzerland; Time Factors; Waste Management; Central Europe; Eurasia; Europe; Copper scrap; Forecasting; Land fill; Mathematical models; Solid wastes; Waste management; copper; debris flow; exploration; resource management; stock assessment; waste management; article; building industry; calculation; calibration; environmental parameters; flow measurement; forecasting; landfill; life expectancy; literature; priority journal; process development; recycling; solid waste; urban area; Exploration method; Material flow analysis; Scenario analysis; Waste flow prediction",10.1177/0734242X07079183,Article; Proceedings Paper,26,Scopus; Web of Science,2-s2.0-34249715296,WOS:000247266100006,,SCOPUS_S2-1.csv; S2-1 result.txt,0,0,1,1,1,1,calibration_validation
S2→S3,Adjacent transition,Present in both Broad and uncertainty-focused corpora for all stages in this candidate transition,Pending,How important are realistic building lifespan assumptions for material stock and demolition waste accounts?,Miatto A.; Schandl H.; Tanikawa H.,2017,"Resources, Conservation and Recycling","Accurate assessments of construction materials stocked in the built environment have received increased attention in the Industrial Ecology literature over the past few years. Many recent models that estimate building material inflows, stock accumulation and end-of-life waste, however, rely on simplistic assumptions about the lifespan of built infrastructure. While several probability distributions have been proposed (normal, Weibull, log-normal, and so on) there is no agreement on which model is best suited for modelling the accumulation of building material stock at urban and national levels. In this study we introduce an analysis of the hazard rate of buildings and discuss alternative distribution functions to model lifespan, testing the fit of five commonly used distributions to real data from the cities of Nagoya (Japan), Wakayama (Japan), and Salford (UK). The results highlight how cities with fast replacement rates are overall best modelled by right-skewed distributions, but single cohort levels express independent behaviours based on their characteristics. We investigate the sensitivity of a top-down stock accumulation model to the choice of different distributions and input parameters uncertainties. The results show that different lifespan distribution functions result in very similar overall stock accumulation at the national level, but have large impacts on calculated demolition waste flows. Differences are more pronounced for cities and the choice of a certain distribution will significantly affect the calculation of the average lifetime. Our results suggest that top-down national material stock accounts have high reliability, and are only weakly affected by the choice of one distribution over another. For cities, it is beneficial to use a distribution based on the characteristics of the buildings analysed, with regard to density and building characteristics. Stock accumulation research would profit from future bottom-up research into building lifespans to validate top-down estimation procedures. Crown Copyright (C) 2017 Published by Elsevier B.V. All rights reserved.",Buildings; Demolition; Distribution; Lifespan analysis; Material stock analysis; MFA; Modelling,Aichi; Chubu; England; Honshu; Japan; Kinki; Nagoya; Salford [England]; Salford [Salford (DST)]; United Kingdom; Wakayama [Kinki]; Wakayama [Wakayama (PRF)]; Building materials; Buildings; Demolition; Distribution functions; Models; Building characteristics; Different distributions; Distribution; Estimation procedures; Industrial ecology; Life span; Right-skewed distributions; Stock analysis; building; demolition; modeling; spatial distribution; waste; behavior; calculation; city; lifespan; model; profit; reliability; uncertainty; Weibull distribution; MATERIAL FLOW-ANALYSIS; METABOLIC TRANSITION; DYNAMICS; RENOVATION; INDICATORS; TRENDS; CHINA; URBAN,10.1016/j.resconrec.2017.01.015,Article,126,Scopus; Web of Science,2-s2.0-85013152643,WOS:000401881300014,,SCOPUS_S2-1.csv; S2-1 result.txt,0,0,1,1,1,1,explicit_uncertainty; sensitivity; probabilistic; calibration_validation
S2→S3,Adjacent transition,Present in both Broad and uncertainty-focused corpora for all stages in this candidate transition,Pending,A Probabilistic Dynamic Material Flow Analysis Model for Chinese Urban Housing Stock,Cao Z.; Shen L.; Zhong S.; Liu L.; Kong H.; Sun Y.,2018,Journal of Industrial Ecology,"The stock-driven dynamic material flow analysis (MFA) model is one of the prevalent tools to investigate the evolution and related material metabolism of the building stock. There exists substantial uncertainty inherent to input parameters of the stock-driven dynamic building stock MFA model, which has not been comprehensively evaluated yet. In this study, a probabilistic, stock-driven dynamic MFA model is established and China's urban housing stock is selected as the empirical case. This probabilistic dynamic MFA model has the ability to depict the future evolution pathway of China's housing stock and capture uncertainties in its material stock, inflow, and outflow. By means of probabilistic methods, a detailed and transparent estimation of China's housing stock and its material metabolism behavior is presented. Under a scenario with a saturation level of the population, urbanization, and living space, the median value of the urban housing stock area, newly completed area, and demolished area would peak at around 49, 2.2, and 2.2 billion square meters, respectively. The corresponding material stock and flows are 79, 3.5, and 3.3 billion tonnes, respectively. Uncertainties regarding housing stock and its material stock and flows are non-negligible. Relative uncertainties of the material stock and flows are above 50%. The uncertainty importance analysis demonstrates that the material intensity and the total population are major contributions to the uncertainty. Policy makers in the housing sector should consider the material efficiency as an essential policy to mitigate material flows of the urban building stock and to lower the risk of policy failures. © 2017 by Yale University",China; dynamic MFA; housing stock; industrial ecology; probabilistic model; uncertainty analysis,China; Efficiency; Housing; Metabolism; Physiology; Housing stock; Industrial ecology; Material efficiency; Probabilistic dynamics; Probabilistic methods; Probabilistic modeling; Relative uncertainty; industrial ecology; material flow analysis; numerical model; policy making; uncertainty analysis; urban housing; urban policy; urban population; urbanization; Uncertainty analysis; NORWEGIAN DWELLING STOCK; TOTAL FERTILITY RATE; BUILDING STOCK; MATERIALS DEMAND; EMISSION FACTORS; ENERGY; CONSTRUCTION; UNCERTAINTY; PROJECTIONS; COUNTRIES,10.1111/jiec.12579,Article,66,Scopus; Web of Science,2-s2.0-85018534074,WOS:000429716700011,,SCOPUS_S2-1.csv; S2-1 result.txt,0,0,1,1,1,1,explicit_uncertainty; probabilistic
S2→S3,Adjacent transition,Present in both Broad and uncertainty-focused corpora for all stages in this candidate transition,Pending,Tracking Construction Material over Space and Time: Prospective and Geo-referenced Modeling of Building Stocks and Construction Material Flows,Heeren N.; Hellweg S.,2019,Journal of Industrial Ecology,"Construction material plays an increasingly important role in the environmental impacts of buildings. In order to investigate impacts of materials on a building level, we present a bottom-up building stock model that uses three-dimensional and geo-referenced building data to determine volumetric information of material stocks in Swiss residential buildings. We used a probabilistic modeling approach to calculate future material flows for the individual buildings. We investigated six scenarios with different assumptions concerning per-capita floor area, building stock turnover, and construction material. The Swiss building stock will undergo important structural changes by 2035. While this will lead to a reduced number in new constructions, material flows will increase. Total material inflow decreases by almost half while outflows double. In 2055, the total amount of material in- and outflows are almost equal, which represents an important opportunity to close construction material cycles. Total environmental impacts due to production and disposal of construction material remain relatively stable over time. The cumulated impact is slightly reduced for the wood-based scenario. The scenario with more insulation material leads to slightly higher material-related emissions. An increase in per-capita floor area or material turnover will lead to a considerable increase in impacts. The new modeling approach overcomes the limitations of previous bottom-up building models and allows for investigating building material flows and stocks in space and time. This supports the development of tailored strategies to reduce the material footprint and environmental impacts of buildings and settlements. © 2018 The Authors. Journal of Industrial Ecology, published by Wiley Periodicals, Inc., on behalf of Yale University.",building material; construction and demolition waste; geographic information systems (GIS); industrial ecology; life cycle assessment (LCA); material flow analysis (MFA),Construction; Demolition; Environmental impact; Floors; Geographic information systems; Life cycle; Waste disposal; Construction and demolition waste; Industrial ecology; Insulation materials; Life Cycle Assessment (LCA); Material flow analysis; New constructions; Probabilistic modeling; Residential building; building; construction material; environmental impact; GIS; industrial ecology; life cycle analysis; material flow analysis; stock assessment; tracking; Building materials; LIFE-CYCLE ASSESSMENT; ENVIRONMENTAL-IMPACT; DWELLING STOCK; LCA; RENOVATION; DYNAMICS; CONCRETE; SYSTEMS; ENERGY,10.1111/jiec.12739,Article,198,Scopus; Web of Science,2-s2.0-85043264886,WOS:000459917300019,,SCOPUS_S2-1.csv; S2-1 result.txt,0,0,1,1,1,1,probabilistic
S2→S3,Adjacent transition,Present in both Broad and uncertainty-focused corpora for all stages in this candidate transition,Pending,Modelling of mineral construction and demolition waste dynamics through a combination of geospatial and image analysis,Bogoviku L.; Waldmann D.,2021,Journal of Environmental Management,"As the construction sector is shifting towards circular economy models, the role of mineral construction materials as main waste fraction in terms of volumes is crucial. A characterization of this mineral stock, as well as the waste derived from it is decisive in ensuring the application of the best practices of circular economy. This paper describes a methodology for assessing the mineral building stock through a combination of geospatial and image analysis. By analysing old topographic maps, buildings are grouped according to their building age into different typologies and based on these maps the construction and demolition activity is evaluated. The mineral stock is assessed and estimations of the mineral construction and demolition waste (CDW) is generated for different stochastic scenarios. This methodology is applied exemplarily on the country of Luxembourg. It was found that the total mineral construction stock for Luxembourg is 276.75 Mt and has been growing at a rate of 20.81%–24.39% in the last 30 years. Furthermore, the study identified a mean age of the urban building stock of about 60 years and a typical maximum building lifetime of 122 years. Based on the stochastic projections the mineral CDW generated from the existing building stock is expected to be up to 226.9 Mt by 2100, while if future building scenarios are considered, it can be as high as 885.3 Mt. The annual CDW production is expected to be sufficient for a viable concrete recycling activity if regulations on the waste volume flows are made available. © 2020",Circular economy; Concrete recycling; Construction and demolition waste (CDW); Geospatial analysis; Material stock quantification,Construction Industry; Construction Materials; Industrial Waste; Minerals; Recycling; Waste Management; Luxembourg; Concretes; Construction industry; Demolition; Image analysis; Maps; Roads and streets; Stochastic systems; concrete; mineral; Building stocks; Circular economy; Concrete recycling; Construction and demolition waste; Geo-spatial analysis; Image-analysis; Material stock quantification; Stochastics; building; construction industry; demolition; image analysis; life cycle analysis; recycling; regulatory approach; typology; volume; waste management; Article; building industry; construction and demolition waste; flow; height; information processing; methodology; spatial analysis; topography; urbanization; building material; industrial waste,10.1016/j.jenvman.2020.111879,Article,32,Scopus; Web of Science,2-s2.0-85100106459,WOS:000618049500001,,export_54a1bd36-41a9-4277-a376-08dcc444e5bc_2026-10-06T080507.684203352.csv; result 1.txt,1,1,1,1,1,1,stochastic
S2→S3,Adjacent transition,Present in both Broad and uncertainty-focused corpora for all stages in this candidate transition,Pending,Dynamic life cycle assessment of buildings and building stocks – A review,Slavkovic K.; Stephan A.,2025,Renewable and Sustainable Energy Reviews,"Although life cycle assessment (LCA) as a method and framework has been extensively examined in the scientific literature, a new emphasis is put on integrating evolving spatiotemporal conditions of the analysed system, aiming to promote a more robust assessment through dynamic LCA. However, dynamic LCA methodologies remain inconsistent across multiple aspects, including on time-dependency, dynamic parameters, and links with other widely applied tools, such as material stocks and flows analysis or geographic information systems. Focusing on the four main phases of the LCA framework, this work presents a systematic review of the latest scientific literature reporting on prospective LCA modelling of buildings, while covering at least one dynamic parameter, such as the decarbonisation of the energy mix. First, this research presents the bibliometric structure of 64 published documents on the dynamic LCA of buildings, through four network visualisation maps. Then, it identifies a sample of 218 documents through the literature review method, and deeply analyses a sub-sample of 34 documents to systematise the emerging knowledge on dynamism in LCA as applied to buildings. We need a more comprehensive dynamic LCA modelling framework that can assess environmental performance of multiple building types, at a high level of spatial and temporal detail. Such framework should be able to integrate dynamic parameters in a simplified manner, and allow flexible time horizons and spatial scopes. Such framework should be able to quickly provide modelling results that may inform decision-making processes in finding solutions towards the challenges of resource depletion and climate change. © 2024 The Authors",Built environment; Dynamic parameter; Environmental impact; Environmental performance; Geographic information systems (GIS); Life cycle assessment (LCA); Material flow analysis (MFA); Modelling framework; Temporal evolution,Built environment; Dynamic parameters; Environmental performance; Geographic information; Geographic information system; Life cycle assessment; Material flow analyze; Materials flow analysis; Modelling framework; Temporal evolution; BIOGENIC CARBON; LCA; ENERGY; SUSTAINABILITY; CHALLENGES; POTENTIALS,10.1016/j.rser.2024.115262,Review,53,Scopus; Web of Science,2-s2.0-85215093997,WOS:001405468000001,,SCOPUS_S2-1.csv; S2-1 result.txt,0,0,1,1,1,1,robustness
S2→S3,Adjacent transition,Present in both Broad and uncertainty-focused corpora for all stages in this candidate transition,Pending,Greenhouse Gas Emissions and Decarbonization Potential of Global Fired Clay Brick Production,Olsson J.A.; Hafez H.; Miller S.A.; Scrivener K.L.,2025,Environmental Science and Technology,"Fired clay bricks (FCBs) are a dominant building material globally due to their low cost and simplicity of production, especially in low- and middle-income countries. With a projected rising housing demand, commensurate growth in brick demand is anticipated, the production of which could result in significant greenhouse gas (GHG) emissions. Robust models are needed to estimate brick demand and emissions to systematically address decarbonization pathways. Few sources report production values; hence, we present two novel proxy models: (i) a consumption prediction model, relying on country-specific clay extraction data, dynamic building stock modeling, and average material intensity use allowing for projections to 2050; and (ii) a GHG emissions model, using literature-based data and production technology-specific inputs. Based on these models, the current global FCB consumption is estimated as 2.18 Gt annually, resulting in approximately 500 million tCO2e (1% of current global GHG emissions). If unaddressed, this fraction could increase to 3.5–5% in 2050 considering a moderate SSP 2-4.5 climate change mitigation scenario. Consequently, we explored three potential decarbonization pathways: (i) improving energy efficiency; (ii) shifting production to best practices; and (iii) replacing half of FCB demand with hollow concrete blocks, resulting in 27%, 49%, and 51% reduction in GHG emissions, respectively. © 2025 The Authors. Published by American Chemical Society",Brick production; Decarbonization potential; Fired clay brick; Low-carbon construction; Material demand mapping; Low-carbonconstruction; Decarbonizationpotential,"Aluminum Silicates; Clay; Construction Materials; Greenhouse Effect; Greenhouse Gases; Models, Theoretical; Brick; Brickmaking; Concrete blocks; Kyoto Protocol; Low emission; carbon dioxide; aluminum silicate; 'current; Brick production; Buildings materials; Decarbonisation; Decarbonization potential; Fired-clay bricks; Greenhouse gas emissions; Low carbon constructions; Material demand mapping; Material demands; carbonization; climate change mitigation; greenhouse gas emission; housing; Note; predictive model; sensitivity analysis; building material; chemistry; clay; greenhouse effect; greenhouse gas; theoretical model; LIFE-CYCLE ASSESSMENT; ENERGY EFFICIENCY; CONSTRUCTION; BUILDINGS; SCENARIOS; IMPACTS",10.1021/acs.est.4c08994,Article,35,Scopus; Web of Science,2-s2.0-85215959539,WOS:001405330300001,,SCOPUS_S2-1.csv; S2-1 result.txt,0,0,1,1,1,1,sensitivity; robustness
S2→S3,Adjacent transition,Present in both Broad and uncertainty-focused corpora for all stages in this candidate transition,Pending,Material intensity and embodied carbon of Korea's residential buildings over four decades,Moon E.-J.; Lim H.; Seo B.; Park J.,2025,"Resources, Conservation and Recycling","Assessing the material intensity of buildings, defined as material inputs per floor area or household, is crucial for decarbonizing building stock. To address the paucity of usable material intensity data, this study developed a structured database and conducted detailed assessments of material intensity and embodied carbon for residential buildings in Korea. The database covered 28 end-use types, 6 structural types, 14 functional elements, and 44 materials. Detailed bills of materials were collected from 79 samples, encompassing 158 multi-family apartments and 21 single-family houses built between 1985 and 2023. Our results indicated that buildings became more material intensive over time, attributed to increased use of concrete, steel, and other materials. In comparison, single-family houses showed higher material inputs per square meter or per household exhibiting significant variability. Furthermore, Korean multi-family apartments showed lower embodied carbon emissions compared to European counterparts, but higher annualized emissions due to shorter building lifetimes. © 2025 Elsevier B.V.",Embodied carbon; Korea; Material intensity; Multi-family apartment; Residential buildings; Single-family houses,Korea; calcium sulfate; carbon; concrete; Building stocks; De-carbonizing buildings; Embodied carbons; Floor areas; Intensity data; Materials intensity; Multi-family apartment; Residential building; Single-family house; building; carbon emission; residential development; Article; comparative study; documentation; educational status; government; greenhouse gas emission; health care policy; household; material intensity; materials handling; prevalence; residential area; simulation; temporal analysis; trend study; MATERIALS DEMAND; CONSTRUCTION,10.1016/j.resconrec.2025.108228,Article,4,Scopus; Web of Science,2-s2.0-86000569521,WOS:001445231300001,,SCOPUS_S2-1.csv; S2-1 result.txt,0,0,1,1,1,1,
S2→S3,Adjacent transition,Present in both Broad and uncertainty-focused corpora for all stages in this candidate transition,Pending,Pathways to a net zero building sector in Colombia: Insights from a circular economy perspective,Vélez-Henao J.A.; Pauliuk S.,2025,"Resources, Conservation and Recycling","The rapid urbanization and economic growth in Colombia have made the residential sector one of the largest energy and material consumers in the country. Circular economy (CE) strategies are a promising alternative to decouple the sector from resource depletion and climate change. The analysis shown here is based on the RECC model framework, a dynamic material flow analysis (dMFA) model. Our results suggest that by 2050 without CE strategies, residential building stock will reach 2.5 billion m2 and emit between 13 and 25 Mt CO2/yr, depending on whether carbon forest sequestration is included or not. A complete implementation of CE strategies and lower floor space can reduce 2020–2050 cumulative primary material production, waste generation, and GHG emissions by 48, 5, and 49 %, respectively. There is a potential to achieve net zero emissions by 2050 if, in addition to the measures mentioned above, more wood materials and forest sequestration are considered. © 2024 The Authors",Circular economy; Climate change mitigation; Material flow analysis; Material stocks; Residential sector; Resource efficiency,Colombia; copper; Buildings sector; Circular economy; Climate change mitigation; Economic growths; Material stock; Materials flow analysis; Rapid urbanizations; Residential sectors; Resource efficiencies; carbon dioxide; carbon emission; carbon sequestration; climate change; economic growth; emission control; forest; green economy; greenhouse gas; material flow analysis; resource depletion; urbanization; anaerobic digestion; Article; building sector; calibration; circular economy; consumer; dynamic material flow analysis; economic aspect; fabrication yield improvement; gas chromatography; greenhouse gas emission; health care cost; municipal solid waste; population density; productivity; public health; questionnaire; recycling; residential sector; resource efficiency; sensitivity analysis; Low emission; EMISSIONS; ENERGY,10.1016/j.resconrec.2024.107971,Article,15,Scopus; Web of Science,2-s2.0-85206667223,WOS:001339945500001,,SCOPUS_S2-1.csv; S2-1 result.txt,0,0,1,1,1,1,sensitivity; calibration_validation
S2→S3,Adjacent transition,Present in both Broad and uncertainty-focused corpora for all stages in this candidate transition,Pending,A layered dynamic material flow framework for modeling building renovations,Liu Q.; Lanau M.; Rootzén J.; Cao Z.; Johnsson F.,2026,Journal of Industrial Ecology,"Dynamic material flow analysis (dMFA) is widely used to study the material demands of residential building stocks. In most of the studies conducted to date, buildings are modeled as homogeneous units instead of a system of components. A limitation of this assumption is that the material flow dynamics from renovations cannot be fully captured. In this study, we develop a cohort-based, layered dMFA framework that explicitly links renovation lifetimes to structural lifetimes, while allowing for different building layers to be renovated independently. This framework tracks the temporal evolution of building cohorts and applies a lifetime convolution approach to ensure that renovation probabilities are conditional on building survival. Cohort-specific material intensities are further differentiated across structural, skin, and space layers. We apply the framework to residential buildings in Sweden using a unique set of building inventory and disaggregated material intensity data. Compared with conventional monolithic renovation models, the layered lifetime approach reduces the estimated renovated floor area by approximately 10%, with larger differences seen for older cohorts that are approaching demolition. These corrections translate into substantial changes in renovation-related material flows. The results demonstrate that neglecting lifetime interdependencies between building components and structures leads to inflated estimates of the demand for renovation. By conceptualizing buildings as systems that have components with interrelated lifetimes, this study advances dMFA methods for renovation modeling. © The Author(s) 2026.",Dynamic material flow analysis; Material stocks; Renovations; Residential buildings,Building components; Dynamic analysis; Building renovation; Dynamic material flow analyze; Dynamic materials; Material demands; Material Flow; Material stock; Materials flow analysis; Materials intensity; Renovation; Residential building; Housing; MATERIAL STOCK; LIFETIME,10.1007/s44498-026-00164-3,Article; Early Access,0,Scopus; Web of Science,2-s2.0-105047857281,WOS:001855197600001,,SCOPUS_S2-1.csv; S2-1 result.txt,0,0,1,1,1,1,probabilistic
