Stage,Journal,Records,Share of stage (%)
S1,IEEE Journal of Selected Topics in Applied Earth Observations and Remote Sensing,16,1.8
S1,Bulletin of Earthquake Engineering,15,1.7
S1,Natural Hazards,14,1.6
S1,"International Archives of the Photogrammetry, Remote Sensing and Spatial Information Sciences - ISPRS Archives",13,1.5
S1,Journal of Building Engineering,13,1.5
S1,World Conference on Earthquake Engineering proceedings,13,1.5
S1,Journal of Industrial Ecology,13,1.5
S1,Remote Sensing,12,1.4
S1,Sustainable Cities and Society,12,1.4
S1,Building and Environment,11,1.3
S2,"Resources, Conservation and Recycling",36,14.6
S2,Journal of Industrial Ecology,31,12.6
S2,Journal of Cleaner Production,13,5.3
S2,Sustainability (Switzerland),11,4.5
S2,IOP Conference Series: Earth and Environmental Science,9,3.7
S2,Environmental Science and Technology,8,3.3
S2,Buildings,6,2.4
S2,Sustainable Cities and Society,6,2.4
S2,Building and Environment,4,1.6
S2,Journal of Physics: Conference Series,4,1.6
S3,"Resources, Conservation and Recycling",15,9.1
S3,Journal of Industrial Ecology,13,7.9
S3,Building Research and Information,13,7.9
S3,Energy and Buildings,11,6.7
S3,Journal of Cleaner Production,8,4.8
S3,Applied Energy,7,4.2
S3,Buildings and Cities,6,3.6
S3,Building and Environment,6,3.6
S3,Energy Policy,5,3
S3,Renewable and Sustainable Energy Reviews,4,2.4
