ID,Title,DOI,Transition,Uncertainty source/type,Uncertainty method code,Uncertainty method,Propagation outcome,Evidence status,Coding note
1,Modelling of mineral construction and demolition waste dynamics through a combination of geospatial and image analysis,10.1016/j.jenvman.2020.111879,S1→S2; S2→S3,U06; U07; U12,UM03; UM04,Stochastic/scenario modelling; lifetime distributions; range/distribution analysis,S1→S2: Unassessed/partly masked; S2→S3: Transformed (new temporal uncertainty propagated to CDW outputs),Full text verified,Upstream geospatial/material-stock uncertainty is not carried quantitatively; lifetime/scenario uncertainty is introduced downstream.
2,Dataset for Urban Scale Building Stock Modelling: Identification and Review of Potential Data Collection Approaches,10.5194/isprs-annals-X-4-W2-2022-225-2022,S1→S2,U01; U03; U13,UM00,Qualitative data-quality / accuracy assessment; no formal UQ propagation,Unassessed,Full text verified,"Measurement error, completeness and time accuracy are discussed, but not propagated into material-stock uncertainty."
3,Semisupervised machine learning classification framework for material intensity parameters of residential buildings,10.1111/jiec.13174,S1→S2,U02; U04,UM08,Semisupervised ML plus fitted probability distributions (Weibull/Gamma/Lognormal),Propagation-ready / Unassessed downstream,Full text verified,"MI distributions are explicitly prepared for probabilistic stock-flow / Monte Carlo use, but the paper does not perform the downstream propagation."
4,What matters most to the material intensity coefficient of buildings? Random forest-based evidence from China,10.1111/jiec.13332,S1→S2,U04; U05,UM07,Random-forest bootstrap; permutation importance; RMSE validation,Unassessed,Full text verified,"MIC variability is recognized and hierarchical MICs are produced, but no stock-output uncertainty distribution is propagated."
5,Building feature-based machine learning regression to quantify urban material stocks: A Hong Kong study,10.1111/jiec.13348,S1→S2,U02; U04,UM07,Bootstrap data augmentation; MAPE/RMSE/R² validation,Masked / lost,Full text verified,"Prediction error is quantified, but point predictions are aggregated into stock estimates without carrying predictive uncertainty."
6,"A Satellite-Driven Model for Monitoring Urban Material Metabolism, Embodied Emissions, and Carbonation",10.1021/acs.est.5c03058,S1→S2 (and downstream impact chain),U02; U04; U10; U12,UM04; UM05,Uncertainty ranges; Monte Carlo emission-factor modelling; percentile/CV output analysis,Mixed: upstream GeoAI uncertainty masked/unverified; downstream factor uncertainty Preserved/Transformed,Supporting information verified; main paper not supplied,"Strong downstream UQ exists, but the supplied SI does not verify end-to-end propagation of EO/classification uncertainty."
7,Geometry-informed material intensity reveals considerable intra-archetype material variability of UK housing,10.1016/j.resconrec.2025.108392,S1→S2,U04; U05,UM01,Alternative/model comparison; geometry-informed variability analysis,Transformed,Full text verified,Morphological variability changes MI representation and produces an ~18% stock discrepancy.
8,Integrated BIM-GIS framework for holistic building stock assessment using 5D geo-modeling and digital twin concepts,10.1016/j.jobe.2025.113391,S1→S2,U01; U04; U13,UM00,Validation and qualitative uncertainty/upscaling discussion,Unassessed,Full text verified,Potential geometry/material/archetype uncertainty is acknowledged but not propagated.
9,Assessing the sensitivity of material-intensity-based building stock estimates to design parameters,10.1007/s44498-026-00138-5,S1→S2,U04; U05,UM01,Design-space sensitivity / robustness analysis,Unassessed,Full text verified,"Design-space variability affects stock estimates, but authors explicitly distinguish this from a real-world probability distribution."
10,Exploration of urban deposits: Long-term prospects for resource and waste management,10.1177/0734242X07079183,S2→S3,U04; U06,UM04,Reported stock ranges (±); calibrated dynamic MFA; formal UQ method unclear,Unclear / provisional,Abstract verified; full text not in supplied ZIP,"Abstract reports ± stock values and dynamic MFA, but full propagation method cannot be verified from supplied files."
11,How important are realistic building lifespan assumptions for material stock and demolition waste accounts?,10.1016/j.resconrec.2017.01.015,S2→S3,U05; U06,UM01; UM05,"Distribution-choice sensitivity; 10,000-run Monte Carlo",Transformed; Amplified; Legitimately reduced at aggregate scale,Full text verified,Lifetime/model-form uncertainty has limited national stock effect but much larger demolition-flow/city-scale effects.
12,A Probabilistic Dynamic Material Flow Analysis Model for Chinese Urban Housing Stock,10.1111/jiec.12579,S2→S3,U04; U06; U12,UM05; UM07,Monte Carlo; bootstrap; confidence/probability intervals; rank-correlation importance,Preserved,Full text verified,"Input parameter uncertainty is explicitly propagated to stock, construction, demolition, material inflow and outflow distributions."
13,Tracking Construction Material over Space and Time: Prospective and Geo-referenced Modeling of Building Stocks and Construction Material Flows,10.1111/jiec.12739,S2→S3,U03; U04; U06; U12,UM03; UM08,Probabilistic parameter distributions/sampling plus scenario analysis,Transformed / partial propagation,Full text verified,"Uncertain parameters are sampled and influence building-level flows, but authors state resulting output uncertainty still requires fuller quantification."
14,Dynamic life cycle assessment of buildings and building stocks – A review,10.1016/j.rser.2024.115262,S2→S3,U10; U11; U12,UM00,"Review synthesis of dynamic parameters, time horizons and uncertainty practices","Unassessed (review, not empirical propagation)",Full text verified,"Useful methodological evidence, but not a primary propagation experiment."
15,Greenhouse Gas Emissions and Decarbonization Potential of Global Fired Clay Brick Production,10.1021/acs.est.4c08994,S2→S3,U10; U12,UM01; UM03,Sensitivity analysis plus decarbonization/scenario comparison,Unassessed,Full text verified,"Parameter/model uncertainty is tested through sensitivity, not jointly propagated as an uncertainty distribution."
16,Material intensity and embodied carbon of Korea's residential buildings over four decades,10.1016/j.resconrec.2025.108228,S2→S3,U04; U10,UM07; UM04,Joint bootstrap of EPD emission factors; SE and 95% CI,Preserved / Transformed,Full text verified,Emission-factor distributions are propagated into embodied-carbon uncertainty intervals.
17,Pathways to a net zero building sector in Colombia: Insights from a circular economy perspective,10.1016/j.resconrec.2024.107971,S2→S3,U06; U10; U12,UM01; UM03,One-way sensitivity plus circular-economy scenario analysis,Unassessed,Full text verified,Sensitivity changes outputs but no joint uncertainty distribution is propagated through the chain.
18,A layered dynamic material flow framework for modeling building renovations,10.1007/s44498-026-00164-3,S2→S3,U03; U04; U05; U06,UM01,Lifetime sensitivity; model-form comparison; probabilistic lifetime functions,Transformed / partial propagation,Full text verified,"Selected lifetime/model-form uncertainty changes renovation flows, but no joint probabilistic propagation is performed."
19,A review of building digital twins to improve energy efficiency in the building operational stage,10.1186/s42162-024-00313-7,S1↔S3 candidate overlap,U01; U03; U13,UM00,Systematic review; data acquisition/interoperability challenges,Not applicable — screened out of core chain,Full text available on web; screened out,Operational-energy-focused review; does not provide primary material-stock/circularity transition evidence.
