Title,Authors,Year,Source title,DOI,Document Type,Cited by,Database provenance,S1b,S1u,S2b,S2u,S3b,S3u,Candidate transitions,Detected uncertainty signals,Full-text validation status
Exploration of urban deposits: Long-term prospects for resource and waste management,"Wittmer, D Lichtensteiger, T Wittmer, D",2007,Waste Management and Research,10.1177/0734242X07079183,Article; Proceedings Paper,26,Scopus; Web of Science,0,0,1,1,1,1,S2→S3,calibration_validation,Pending
How important are realistic building lifespan assumptions for material stock and demolition waste accounts?,Miatto A.; Schandl H.; Tanikawa H.,2017,"Resources, Conservation and Recycling",10.1016/j.resconrec.2017.01.015,Article,126,Scopus; Web of Science,0,0,1,1,1,1,S2→S3,explicit_uncertainty; sensitivity; probabilistic; calibration_validation,Pending
A Probabilistic Dynamic Material Flow Analysis Model for Chinese Urban Housing Stock,Cao Z.; Shen L.; Zhong S.; Liu L.; Kong H.; Sun Y.,2018,Journal of Industrial Ecology,10.1111/jiec.12579,Article,66,Scopus; Web of Science,0,0,1,1,1,1,S2→S3,explicit_uncertainty; probabilistic,Pending
Tracking Construction Material over Space and Time: Prospective and Geo-referenced Modeling of Building Stocks and Construction Material Flows,Heeren N.; Hellweg S.,2019,Journal of Industrial Ecology,10.1111/jiec.12739,Article,198,Scopus; Web of Science,0,0,1,1,1,1,S2→S3,probabilistic,Pending
Modelling of mineral construction and demolition waste dynamics through a combination of geospatial and image analysis,Bogoviku L.; Waldmann D.,2021,Journal of Environmental Management,10.1016/j.jenvman.2020.111879,Article,32,Scopus; Web of Science,1,1,1,1,1,1,S1→S2; S2→S3; S1→S3; S1→S2→S3,stochastic,Pending
Dataset for Urban Scale Building Stock Modelling: Identification and Review of Potential Data Collection Approaches,Pei W.Y.; Biljecki F.; Stouffs R.,2022,"ISPRS Annals of the Photogrammetry, Remote Sensing and Spatial Information Sciences",10.5194/isprs-annals-X-4-W2-2022-225-2022,Proceedings Paper,5,Scopus; Web of Science,1,1,1,1,0,0,S1→S2,explicit_uncertainty,Pending
Semisupervised machine learning classification framework for material intensity parameters of residential buildings,Vilaysouk X.; Saypadith S.; Hashimoto S.,2022,Journal of Industrial Ecology,10.1111/jiec.13174,Article,18,Scopus; Web of Science,1,1,1,1,0,0,S1→S2,explicit_uncertainty; probabilistic,Pending
What matters most to the material intensity coefficient of buildings? Random forest-based evidence from China,Zhang R.; Guo J.; Yang D.; Shirakawa H.; Shi F.; Tanikawa H.,2022,Journal of Industrial Ecology,10.1111/jiec.13332,Article,24,Scopus; Web of Science,1,1,1,1,0,0,S1→S2,ensemble,Pending
Building feature-based machine learning regression to quantify urban material stocks: A Hong Kong study,Yuan L.; Lu W.; Xue F.; Li M.,2023,Journal of Industrial Ecology,10.1111/jiec.13348,Article,42,Scopus; Web of Science,1,1,1,1,0,0,S1→S2,calibration_validation,Pending
A review of building digital twins to improve energy efficiency in the building operational stage,Cespedes-Cubides A.S.; Jradi M.,2024,Energy Informatics,10.1186/s42162-024-00313-7,Review,185,Scopus,1,1,0,0,1,1,S1→S3,robustness,Pending
"A Satellite-Driven Model for Monitoring Urban Material Metabolism, Embodied Emissions, and Carbonation",Nie Y.; Mao T.; Liu Y.; Chen Y.; Liu Y.; Chen W.-Q.,2025,Environmental Science and Technology,10.1021/acs.est.5c03058,Article,2,Scopus; Web of Science,1,1,1,1,0,0,S1→S2,explicit_uncertainty,Pending
Dynamic life cycle assessment of buildings and building stocks – A review,Slavkovic K.; Stephan A.,2025,Renewable and Sustainable Energy Reviews,10.1016/j.rser.2024.115262,Review,53,Scopus; Web of Science,0,0,1,1,1,1,S2→S3,robustness,Pending
Geometry-informed material intensity reveals considerable intra-archetype material variability of UK housing,Dai M.; Gillott C.; Jurczyk J.; Sun K.; Li X.; Liu G.; Densley Tingley D.,2025,"Resources, Conservation and Recycling",10.1016/j.resconrec.2025.108392,Article,2,Scopus; Web of Science,1,1,1,1,0,0,S1→S2,explicit_uncertainty,Pending
Greenhouse Gas Emissions and Decarbonization Potential of Global Fired Clay Brick Production,Olsson J.A.; Hafez H.; Miller S.A.; Scrivener K.L.,2025,Environmental Science and Technology,10.1021/acs.est.4c08994,Article,35,Scopus; Web of Science,0,0,1,1,1,1,S2→S3,sensitivity; robustness,Pending
Integrated BIM-GIS framework for holistic building stock assessment using 5D geo-modeling and digital twin concepts,Elshaboury N.; AlMetwaly W.M.; Hesham A.; Abbas A.,2025,Journal of Building Engineering,10.1016/j.jobe.2025.113391,Article,7,Scopus; Web of Science,1,1,1,1,0,0,S1→S2,robustness,Pending
Material intensity and embodied carbon of Korea's residential buildings over four decades,Moon E.-J.; Lim H.; Seo B.; Park J.,2025,"Resources, Conservation and Recycling",10.1016/j.resconrec.2025.108228,Article,4,Scopus; Web of Science,0,0,1,1,1,1,S2→S3,,Pending
Pathways to a net zero building sector in Colombia: Insights from a circular economy perspective,Vélez-Henao J.A.; Pauliuk S.,2025,"Resources, Conservation and Recycling",10.1016/j.resconrec.2024.107971,Article,15,Scopus; Web of Science,0,0,1,1,1,1,S2→S3,sensitivity; calibration_validation,Pending
A layered dynamic material flow framework for modeling building renovations,Liu Q.; Lanau M.; Rootzén J.; Cao Z.; Johnsson F.,2026,Journal of Industrial Ecology,10.1007/s44498-026-00164-3,Article; Early Access,0,Scopus; Web of Science,0,0,1,1,1,1,S2→S3,probabilistic,Pending
Assessing the sensitivity of material-intensity-based building stock estimates to design parameters,Jia Y.; Feng C.,2026,Journal of Industrial Ecology,10.1007/s44498-026-00138-5,Article,0,Scopus; Web of Science,1,1,1,1,0,0,S1→S2,sensitivity,Pending
